{
    "__createdwith": "opl's Model Creator",
    "textures": {
        "particle": "blocks/fence/fence_gate_birch",
        "fence": "blocks/fence/fence_birch",
        "gate": "blocks/fence/fence_gate_birch"
    },
    "elements": [
        {
            "from": [0,0,6.5],
            "to": [3,15,9.5],
            "faces": {
                "up": {
                    "uv": [10.0,7.0,13.0,10.0],
                    "texture": "#fence"
                },
                "down": {
                    "uv": [13.0,10.0,16.0,13.0],
                    "texture": "#fence",
                    "cullface": "down"
                },
                "west": {
                    "uv": [3.0,1.0,0.0,16.0],
                    "texture": "#gate",
                    "cullface": "west"
                },
                "east": {
                    "uv": [0.0,1.0,3.0,16.0],
                    "texture": "#gate"
                },
                "north": {
                    "uv": [3.0,1.0,0.0,16.0],
                    "texture": "#gate"
                },
                "south": {
                    "texture": "#gate"
                }
            }
        },
        {
            "from": [0,0,19.5],
            "to": [3.5,15,22.5],
            "faces": {
                "up": {
                    "uv": [10.0,7.0,13.0,10.0],
                    "texture": "#fence"
                },
                "down": {
                    "uv": [13.0,10.0,16.0,13.0],
                    "texture": "#fence",
                    "cullface": "down"
                },
                "west": {
                    "uv": [13.0,1.0,16.0,16.0],
                    "texture": "#gate"
                },
                "east": {
                    "uv": [16.0,1.0,13.0,16.0],
                    "texture": "#gate"
                },
                "north": {
                    "uv": [16.0,1.0,13.0,16.0],
                    "texture": "#gate"
                },
                "south": {
                    "uv": [13.0,1.0,16.0,16.0],
                    "texture": "#gate"
                }
            }
        },
        {
            "from": [1,0,10.5],
            "to": [2,14,12.5],
            "faces": {
                "up": {
                    "uv": [4.0,2.0,6.0,3.0],
                    "texture": "#gate",
                    "rotation": 90
                },
                "down": {
                    "uv": [4.0,15.0,6.0,16.0],
                    "texture": "#gate",
                    "cullface": "down",
                    "rotation": 270
                },
                "west": {
                    "uv": [4.0,2.0,6.0,16.0],
                    "texture": "#gate"
                },
                "east": {
                    "uv": [6.0,2.0,4.0,16.0],
                    "texture": "#gate"
                },
                "north": {
                    "uv": [4.0,2.0,5.0,16.0],
                    "texture": "#gate"
                },
                "south": {
                    "uv": [5.0,2.0,6.0,16.0],
                    "texture": "#gate"
                }
            }
        },
        {
            "from": [1,0,13.5],
            "to": [2,15,15.5],
            "faces": {
                "up": {
                    "uv": [7.0,1.0,9.0,2.0],
                    "texture": "#gate",
                    "rotation": 90
                },
                "down": {
                    "uv": [7.0,15.0,9.0,16.0],
                    "texture": "#gate",
                    "cullface": "down",
                    "rotation": 270
                },
                "west": {
                    "uv": [7.0,1.0,9.0,16.0],
                    "texture": "#gate"
                },
                "east": {
                    "uv": [9.0,1.0,7.0,16.0],
                    "texture": "#gate"
                },
                "north": {
                    "uv": [7.0,1.0,8.0,16.0],
                    "texture": "#gate"
                },
                "south": {
                    "uv": [8.0,1.0,9.0,16.0],
                    "texture": "#gate"
                }
            }
        },
        {
            "from": [0.5,9,8.5],
            "to": [2.5,11,20.5],
            "faces": {
                "up": {
                    "uv": [2.0,5.0,14.0,7.0],
                    "texture": "#gate",
                    "rotation": 90
                },
                "down": {
                    "uv": [2.0,5.0,14.0,7.0],
                    "texture": "#gate",
                    "rotation": 90
                },
                "west": {
                    "uv": [2.0,5.0,14.0,7.0],
                    "texture": "#gate"
                },
                "east": {
                    "uv": [14.0,5.0,2.0,7.0],
                    "texture": "#gate"
                }
            }
        },
        {
            "from": [0.5,1,8.5],
            "to": [2.5,3,20.5],
            "faces": {
                "up": {
                    "uv": [2.0,13.0,14.0,15.0],
                    "texture": "#gate",
                    "rotation": 90
                },
                "down": {
                    "uv": [2.0,13.0,14.0,15.0],
                    "texture": "#gate",
                    "rotation": 90
                },
                "west": {
                    "uv": [2.0,13.0,14.0,15.0],
                    "texture": "#gate"
                },
                "east": {
                    "uv": [2.0,13.0,14.0,15.0],
                    "texture": "#gate"
                }
            }
        },
        {
            "from": [1,0,16.5],
            "to": [2,14,18.5],
            "faces": {
                "up": {
                    "uv": [10.0,2.0,12.0,3.0],
                    "texture": "#gate",
                    "rotation": 90
                },
                "down": {
                    "uv": [10.0,15.0,12.0,16.0],
                    "texture": "#gate",
                    "cullface": "down",
                    "rotation": 270
                },
                "west": {
                    "uv": [10.0,2.0,12.0,16.0],
                    "texture": "#gate"
                },
                "east": {
                    "uv": [12.0,2.0,10.0,16.0],
                    "texture": "#gate"
                },
                "north": {
                    "uv": [10.0,2.0,11.0,16.0],
                    "texture": "#gate"
                },
                "south": {
                    "uv": [11.0,2.0,12.0,16.0],
                    "texture": "#gate"
                }
            }
        }
    ]
}