{
    "__createdwith": "opl's Model Creator",
    "textures": {
        "particle": "blocks/fence/fence_birch"
    },
    "elements": [
        {
            "from": [7,9,0],
            "to": [9,11,9],
            "faces": {
                "up": {
                    "uv": [0.5,5,9.5,7],
                    "texture": "#particle",
                    "rotation": 270
                },
                "down": {
                    "uv": [0.5,7,9.5,5],
                    "texture": "#particle",
                    "rotation": 90
                },
                "west": {
                    "uv": [9.5,5,0.5,7],
                    "texture": "#particle"
                },
                "east": {
                    "uv": [0.5,5,9.5,7],
                    "texture": "#particle"
                },
                "north": {
                    "texture": "#particle",
                    "cullface": "north"
                }
            }
        },
        {
            "from": [7,1,0],
            "to": [9,3,9],
            "faces": {
                "up": {
                    "uv": [0.5,13,9.5,15],
                    "texture": "#particle",
                    "rotation": 270
                },
                "down": {
                    "uv": [0.5,15,9.5,13],
                    "texture": "#particle",
                    "rotation": 90
                },
                "west": {
                    "uv": [9.5,13,0.5,15],
                    "texture": "#particle"
                },
                "east": {
                    "uv": [0.5,13,9.5,15],
                    "texture": "#particle"
                },
                "north": {
                    "texture": "#particle",
                    "cullface": "north"
                }
            }
        },
        {
            "from": [7.5,0,0.5],
            "to": [8.5,14,2.5],
            "faces": {
                "up": {
                    "uv": [3,2,1,3],
                    "texture": "#particle",
                    "rotation": 90
                },
                "down": {
                    "uv": [1,15,3,16],
                    "texture": "#particle",
                    "cullface": "down",
                    "rotation": 90
                },
                "west": {
                    "uv": [3,2,1,16],
                    "texture": "#particle"
                },
                "east": {
                    "uv": [1,2,3,16],
                    "texture": "#particle"
                },
                "north": {
                    "uv": [2,2,3,16],
                    "texture": "#particle"
                },
                "south": {
                    "uv": [1,2,2,16],
                    "texture": "#particle"
                }
            }
        },
        {
            "from": [7.5,0,3.5],
            "to": [8.5,15,5.5],
            "faces": {
                "up": {
                    "uv": [6,1,4,2],
                    "texture": "#particle",
                    "rotation": 90
                },
                "down": {
                    "uv": [4,15,6,16],
                    "texture": "#particle",
                    "cullface": "down",
                    "rotation": 90
                },
                "west": {
                    "uv": [6,1,4,16],
                    "texture": "#particle"
                },
                "east": {
                    "uv": [4,1,6,16],
                    "texture": "#particle"
                },
                "north": {
                    "uv": [5,1,6,16],
                    "texture": "#particle"
                },
                "south": {
                    "uv": [4,1,5,16],
                    "texture": "#particle"
                }
            }
        }
    ]
}