{
    "__createdwith": "opl's Model Creator",
    "parent": "block/cube_column",
    "elements": [
        {
            "from": [0,15,0],
            "to": [16,16,16],
            "faces": {
                "up": {
                    "texture": "#end"
                },
                "down": {
                    "texture": "#end"
                },
                "west": {
                    "texture": "#side"
                },
                "east": {
                    "texture": "#side"
                },
                "north": {
                    "texture": "#side"
                },
                "south": {
                    "texture": "#side"
                }
            }
        },
        {
            "from": [0,0,0],
            "to": [16,2,16],
            "faces": {
                "up": {
                    "texture": "#end"
                },
                "down": {
                    "texture": "#end"
                },
                "west": {
                    "texture": "#side"
                },
                "east": {
                    "texture": "#side"
                },
                "north": {
                    "texture": "#side"
                },
                "south": {
                    "texture": "#side"
                }
            }
        },
        {
            "from": [1,2,1],
            "to": [15,15,15],
            "faces": {
                "west": {
                    "texture": "#side"
                },
                "east": {
                    "texture": "#side"
                },
                "north": {
                    "texture": "#side"
                },
                "south": {
                    "texture": "#side"
                }
            }
        },
        {
            "from": [0,8,0],
            "to": [16,9,16],
            "faces": {
                "up": {
                    "texture": "#end"
                },
                "down": {
                    "texture": "#end"
                },
                "west": {
                    "texture": "#side"
                },
                "east": {
                    "texture": "#side"
                },
                "north": {
                    "texture": "#side"
                },
                "south": {
                    "texture": "#side"
                }
            }
        },
        {
            "from": [15,1,15],
            "to": [16,15,16],
            "faces": {
                "west": {
                    "texture": "#side"
                },
                "east": {
                    "texture": "#side"
                },
                "north": {
                    "texture": "#side"
                },
                "south": {
                    "texture": "#side"
                }
            }
        },
        {
            "from": [15,1,0],
            "to": [16,15,1],
            "faces": {
                "west": {
                    "texture": "#side"
                },
                "east": {
                    "texture": "#side"
                },
                "north": {
                    "texture": "#side"
                },
                "south": {
                    "texture": "#side"
                }
            }
        },
        {
            "from": [0,1,0],
            "to": [1,15,1],
            "faces": {
                "west": {
                    "texture": "#side"
                },
                "east": {
                    "texture": "#side"
                },
                "north": {
                    "texture": "#side"
                },
                "south": {
                    "texture": "#side"
                }
            }
        },
        {
            "from": [0,1,15],
            "to": [1,15,16],
            "faces": {
                "west": {
                    "texture": "#side"
                },
                "east": {
                    "texture": "#side"
                },
                "north": {
                    "texture": "#side"
                },
                "south": {
                    "texture": "#side"
                }
            }
        }
    ]
}