{
    "__createdwith": "opl's Model Creator",
    "ambientocclusion": false,
    "textures": {
        "particle": "blocks/door_iron_upper"
    },
    "elements": [
        {
            "from": [0,0,0],
            "to": [3,16,3],
            "faces": {
                "up": {
                    "texture": "#particle",
                    "cullface": "up"
                },
                "west": {
                    "texture": "#particle",
                    "cullface": "west"
                },
                "east": {
                    "uv": [3.0,0.0,0.0,16.0],
                    "texture": "#particle"
                },
                "north": {
                    "uv": [3.0,0.0,0.0,16.0],
                    "texture": "#particle",
                    "cullface": "north"
                },
                "south": {
                    "texture": "#particle"
                }
            }
        },
        {
            "from": [0,0,13],
            "to": [3,16,16],
            "faces": {
                "up": {
                    "texture": "#particle",
                    "cullface": "up"
                },
                "west": {
                    "texture": "#particle",
                    "cullface": "west"
                },
                "east": {
                    "uv": [16.0,0.0,13.0,16.0],
                    "texture": "#particle"
                },
                "north": {
                    "uv": [3.0,0.0,0.0,16.0],
                    "texture": "#particle"
                },
                "south": {
                    "texture": "#particle",
                    "cullface": "south"
                }
            }
        },
        {
            "from": [0,14,3],
            "to": [3,16,13],
            "faces": {
                "up": {
                    "texture": "#particle",
                    "cullface": "up"
                },
                "down": {
                    "texture": "#particle"
                },
                "west": {
                    "texture": "#particle",
                    "cullface": "west"
                },
                "east": {
                    "uv": [13.0,0.0,3.0,2.0],
                    "texture": "#particle"
                }
            }
        },
        {
            "from": [1,0,2],
            "to": [2,15,14],
            "faces": {
                "west": {
                    "texture": "#particle"
                },
                "east": {
                    "uv": [14.0,1.0,2.0,16.0],
                    "texture": "#particle"
                }
            }
        }
    ]
}