{
    "__createdwith": "opl's Model Creator",
    "textures": {
        "particle": "blocks/fence/fence_gate_jungle"
    },
    "elements": [
        {
            "from": [0,0,7],
            "to": [2,14,9],
            "faces": {
                "up": {
                    "uv": [2,8,4,10],
                    "texture": "#particle"
                },
                "down": {
                    "uv": [2,8,4,10],
                    "texture": "#particle",
                    "cullface": "down"
                },
                "west": {
                    "uv": [0,2,2,16],
                    "texture": "#particle",
                    "cullface": "west"
                },
                "east": {
                    "uv": [0,2,2,16],
                    "texture": "#particle"
                },
                "north": {
                    "uv": [0,2,2,16],
                    "texture": "#particle"
                },
                "south": {
                    "uv": [0,2,2,16],
                    "texture": "#particle"
                }
            }
        },
        {
            "from": [14,0,7],
            "to": [16,14,9],
            "faces": {
                "up": {
                    "uv": [12,8,14,10],
                    "texture": "#particle"
                },
                "down": {
                    "uv": [12,8,14,10],
                    "texture": "#particle",
                    "cullface": "down"
                },
                "west": {
                    "uv": [14,2,16,16],
                    "texture": "#particle"
                },
                "east": {
                    "uv": [14,2,16,16],
                    "texture": "#particle",
                    "cullface": "east"
                },
                "north": {
                    "uv": [14,2,16,16],
                    "texture": "#particle"
                },
                "south": {
                    "uv": [14,2,16,16],
                    "texture": "#particle"
                }
            }
        },
        {
            "from": [0,1,13],
            "to": [2,13,15],
            "faces": {
                "up": {
                    "uv": [6,14,8,16],
                    "texture": "#particle",
                    "rotation": 90
                },
                "down": {
                    "uv": [6,14,8,16],
                    "texture": "#particle",
                    "rotation": 270
                },
                "west": {
                    "uv": [6,1,8,13],
                    "texture": "#particle"
                },
                "east": {
                    "uv": [8,1,10,13],
                    "texture": "#particle"
                },
                "north": {
                    "uv": [7,1,9,13],
                    "texture": "#particle"
                },
                "south": {
                    "uv": [7,1,9,13],
                    "texture": "#particle"
                }
            }
        },
        {
            "from": [14,1,13],
            "to": [16,13,15],
            "faces": {
                "up": {
                    "uv": [8,14,10,16],
                    "texture": "#particle",
                    "rotation": 270
                },
                "down": {
                    "uv": [8,14,10,16],
                    "texture": "#particle",
                    "rotation": 90
                },
                "west": {
                    "uv": [6,1,8,13],
                    "texture": "#particle"
                },
                "east": {
                    "uv": [8,1,10,13],
                    "texture": "#particle"
                },
                "north": {
                    "uv": [7,1,9,13],
                    "texture": "#particle"
                },
                "south": {
                    "uv": [7,1,9,13],
                    "texture": "#particle"
                }
            }
        },
        {
            "from": [0,1,9],
            "to": [2,4,13],
            "faces": {
                "up": {
                    "uv": [2,14,6,16],
                    "texture": "#particle",
                    "rotation": 90
                },
                "down": {
                    "uv": [2,14,6,16],
                    "texture": "#particle",
                    "rotation": 270
                },
                "west": {
                    "uv": [2,10,6,13],
                    "texture": "#particle"
                },
                "east": {
                    "uv": [10,10,14,13],
                    "texture": "#particle"
                }
            }
        },
        {
            "from": [0,6,9],
            "to": [2,8,13],
            "faces": {
                "up": {
                    "uv": [2,14,6,16],
                    "texture": "#particle",
                    "rotation": 90
                },
                "down": {
                    "uv": [2,14,6,16],
                    "texture": "#particle",
                    "rotation": 270
                },
                "west": {
                    "uv": [2,6,6,8],
                    "texture": "#particle"
                },
                "east": {
                    "uv": [10,6,14,8],
                    "texture": "#particle"
                }
            }
        },
        {
            "from": [0,10,9],
            "to": [2,13,13],
            "faces": {
                "up": {
                    "uv": [2,14,6,16],
                    "texture": "#particle",
                    "rotation": 90
                },
                "down": {
                    "uv": [2,14,6,16],
                    "texture": "#particle",
                    "rotation": 270
                },
                "west": {
                    "uv": [2,1,6,4],
                    "texture": "#particle"
                },
                "east": {
                    "uv": [10,1,14,4],
                    "texture": "#particle"
                }
            }
        },
        {
            "from": [14,1,9],
            "to": [16,4,13],
            "faces": {
                "up": {
                    "uv": [10,14,14,16],
                    "texture": "#particle",
                    "rotation": 270
                },
                "down": {
                    "uv": [10,14,14,16],
                    "texture": "#particle",
                    "rotation": 90
                },
                "west": {
                    "uv": [2,10,6,13],
                    "texture": "#particle"
                },
                "east": {
                    "uv": [10,10,14,13],
                    "texture": "#particle"
                }
            }
        },
        {
            "from": [14,6,9],
            "to": [16,8,13],
            "faces": {
                "up": {
                    "uv": [10,14,14,16],
                    "texture": "#particle",
                    "rotation": 270
                },
                "down": {
                    "uv": [10,14,14,16],
                    "texture": "#particle",
                    "rotation": 90
                },
                "west": {
                    "uv": [2,6,6,8],
                    "texture": "#particle"
                },
                "east": {
                    "uv": [10,6,14,8],
                    "texture": "#particle"
                }
            }
        },
        {
            "from": [14,10,9],
            "to": [16,13,13],
            "faces": {
                "up": {
                    "uv": [10,14,14,16],
                    "texture": "#particle",
                    "rotation": 270
                },
                "down": {
                    "uv": [10,14,14,16],
                    "texture": "#particle",
                    "rotation": 90
                },
                "west": {
                    "uv": [2,1,6,4],
                    "texture": "#particle"
                },
                "east": {
                    "uv": [10,1,14,4],
                    "texture": "#particle"
                }
            }
        }
    ]
}