{
    "__createdwith": "opl's Model Creator",
    "textures": {
        "particle": "blocks/fence/fence_gate_jungle"
    },
    "elements": [
        {
            "from": [0,0,7],
            "to": [2,14,9],
            "faces": {
                "up": {
                    "uv": [2.0,8.0,4.0,10.0],
                    "texture": "#particle"
                },
                "down": {
                    "uv": [2.0,8.0,4.0,10.0],
                    "texture": "#particle",
                    "cullface": "down"
                },
                "west": {
                    "uv": [0.0,2.0,2.0,16.0],
                    "texture": "#particle",
                    "cullface": "west"
                },
                "east": {
                    "uv": [0.0,2.0,2.0,16.0],
                    "texture": "#particle"
                },
                "north": {
                    "texture": "#particle"
                },
                "south": {
                    "texture": "#particle"
                }
            }
        },
        {
            "from": [14,0,7],
            "to": [16,14,9],
            "faces": {
                "up": {
                    "uv": [12.0,8.0,14.0,10.0],
                    "texture": "#particle"
                },
                "down": {
                    "uv": [12.0,8.0,14.0,10.0],
                    "texture": "#particle",
                    "cullface": "down"
                },
                "west": {
                    "uv": [14.0,2.0,16.0,16.0],
                    "texture": "#particle"
                },
                "east": {
                    "uv": [14.0,2.0,16.0,16.0],
                    "texture": "#particle",
                    "cullface": "east"
                },
                "north": {
                    "texture": "#particle"
                },
                "south": {
                    "texture": "#particle"
                }
            }
        },
        {
            "from": [6,1,7],
            "to": [8,13,9],
            "faces": {
                "up": {
                    "uv": [6.0,14.0,8.0,16.0],
                    "texture": "#particle"
                },
                "down": {
                    "uv": [6.0,14.0,8.0,16.0],
                    "texture": "#particle"
                },
                "west": {
                    "uv": [6.0,1.0,8.0,13.0],
                    "texture": "#particle"
                },
                "north": {
                    "uv": [6.0,1.0,8.0,13.0],
                    "texture": "#particle"
                },
                "south": {
                    "uv": [6.0,1.0,8.0,13.0],
                    "texture": "#particle"
                }
            }
        },
        {
            "from": [8,1,7],
            "to": [10,13,9],
            "faces": {
                "up": {
                    "uv": [8.0,14.0,10.0,16.0],
                    "texture": "#particle"
                },
                "down": {
                    "uv": [8.0,14.0,10.0,16.0],
                    "texture": "#particle"
                },
                "east": {
                    "uv": [8.0,1.0,10.0,13.0],
                    "texture": "#particle"
                },
                "north": {
                    "uv": [8.0,1.0,10.0,13.0],
                    "texture": "#particle"
                },
                "south": {
                    "uv": [8.0,1.0,10.0,13.0],
                    "texture": "#particle"
                }
            }
        },
        {
            "from": [2,1,7],
            "to": [6,4,9],
            "faces": {
                "up": {
                    "uv": [2.0,14.0,6.0,16.0],
                    "texture": "#particle"
                },
                "down": {
                    "uv": [2.0,14.0,6.0,16.0],
                    "texture": "#particle"
                },
                "north": {
                    "uv": [10.0,10.0,14.0,13.0],
                    "texture": "#particle"
                },
                "south": {
                    "uv": [2.0,10.0,6.0,13.0],
                    "texture": "#particle"
                }
            }
        },
        {
            "from": [2,6,7],
            "to": [6,8,9],
            "faces": {
                "up": {
                    "uv": [2.0,14.0,6.0,16.0],
                    "texture": "#particle"
                },
                "down": {
                    "uv": [2.0,14.0,6.0,16.0],
                    "texture": "#particle"
                },
                "north": {
                    "uv": [10.0,6.0,14.0,8.0],
                    "texture": "#particle"
                },
                "south": {
                    "uv": [2.0,6.0,6.0,8.0],
                    "texture": "#particle"
                }
            }
        },
        {
            "from": [2,10,7],
            "to": [6,13,9],
            "faces": {
                "up": {
                    "uv": [2.0,14.0,6.0,16.0],
                    "texture": "#particle"
                },
                "down": {
                    "uv": [2.0,14.0,6.0,16.0],
                    "texture": "#particle"
                },
                "north": {
                    "uv": [10.0,1.0,14.0,4.0],
                    "texture": "#particle"
                },
                "south": {
                    "uv": [2.0,1.0,6.0,4.0],
                    "texture": "#particle"
                }
            }
        },
        {
            "from": [10,1,7],
            "to": [14,4,9],
            "faces": {
                "up": {
                    "uv": [10.0,14.0,14.0,16.0],
                    "texture": "#particle"
                },
                "down": {
                    "uv": [10.0,14.0,14.0,16.0],
                    "texture": "#particle"
                },
                "north": {
                    "uv": [2.0,10.0,6.0,13.0],
                    "texture": "#particle"
                },
                "south": {
                    "uv": [10.0,10.0,14.0,13.0],
                    "texture": "#particle"
                }
            }
        },
        {
            "from": [10,6,7],
            "to": [14,8,9],
            "faces": {
                "up": {
                    "uv": [10.0,14.0,14.0,16.0],
                    "texture": "#particle"
                },
                "down": {
                    "uv": [10.0,14.0,14.0,16.0],
                    "texture": "#particle"
                },
                "north": {
                    "uv": [2.0,6.0,6.0,8.0],
                    "texture": "#particle"
                },
                "south": {
                    "uv": [10.0,6.0,14.0,8.0],
                    "texture": "#particle"
                }
            }
        },
        {
            "from": [10,10,7],
            "to": [14,13,9],
            "faces": {
                "up": {
                    "uv": [10.0,14.0,14.0,16.0],
                    "texture": "#particle"
                },
                "down": {
                    "uv": [10.0,14.0,14.0,16.0],
                    "texture": "#particle"
                },
                "north": {
                    "uv": [2.0,1.0,6.0,4.0],
                    "texture": "#particle"
                },
                "south": {
                    "uv": [10.0,1.0,14.0,4.0],
                    "texture": "#particle"
                }
            }
        }
    ]
}