{
    "__createdwith": "opl's Model Creator",
    "ambientocclusion": false,
    "textures": {
        "particle": "blocks/ladder",
        "texture": "blocks/ladder"
    },
    "elements": [
        {
            "from": [0,0,15.2],
            "to": [16,16,15.2],
            "faces": {
                "north": {
                    "texture": "#texture"
                },
                "south": {
                    "uv": [16,0,0,16],
                    "texture": "#texture"
                }
            }
        },
        {
            "from": [1,13,14.25],
            "to": [15,15,15.25],
            "faces": {
                "up": {
                    "uv": [1,1,15,2],
                    "texture": "#texture"
                },
                "down": {
                    "uv": [1,2,15,3],
                    "texture": "#texture"
                },
                "west": {
                    "uv": [14,1,15,3],
                    "texture": "#texture"
                },
                "east": {
                    "uv": [1,1,2,3],
                    "texture": "#texture"
                },
                "north": {
                    "texture": "#texture"
                },
                "south": {
                    "uv": [15,1,1,3],
                    "texture": "#texture"
                }
            }
        },
        {
            "from": [1,9,14.25],
            "to": [15,11,15.25],
            "faces": {
                "up": {
                    "uv": [1,5,15,6],
                    "texture": "#texture"
                },
                "down": {
                    "uv": [1,6,15,7],
                    "texture": "#texture"
                },
                "west": {
                    "uv": [14,5,15,7],
                    "texture": "#texture"
                },
                "east": {
                    "uv": [1,5,2,7],
                    "texture": "#texture"
                },
                "north": {
                    "texture": "#texture"
                },
                "south": {
                    "uv": [15,5,1,7],
                    "texture": "#texture"
                }
            }
        },
        {
            "from": [1,5,14.25],
            "to": [15,7,15.25],
            "faces": {
                "up": {
                    "uv": [1,9,15,10],
                    "texture": "#texture"
                },
                "down": {
                    "uv": [1,10,15,11],
                    "texture": "#texture"
                },
                "west": {
                    "uv": [14,9,15,11],
                    "texture": "#texture"
                },
                "east": {
                    "uv": [1,9,2,11],
                    "texture": "#texture"
                },
                "north": {
                    "texture": "#texture"
                },
                "south": {
                    "uv": [15,9,1,11],
                    "texture": "#texture"
                }
            }
        },
        {
            "from": [1,1,14.25],
            "to": [15,3,15.25],
            "faces": {
                "up": {
                    "uv": [1,13,15,14],
                    "texture": "#texture"
                },
                "down": {
                    "uv": [1,14,15,15],
                    "texture": "#texture"
                },
                "west": {
                    "uv": [14,13,15,15],
                    "texture": "#texture"
                },
                "east": {
                    "uv": [1,13,2,15],
                    "texture": "#texture"
                },
                "north": {
                    "texture": "#texture"
                },
                "south": {
                    "uv": [15,13,1,15],
                    "texture": "#texture"
                }
            }
        }
    ]
}