{
    "__createdwith": "opl's Model Creator",
    "textures": {
        "particle": "#texture"
    },
    "elements": [
        {
            "from": [0,2,7],
            "to": [2,13,9],
            "faces": {
                "up": {
                    "uv": [0,12,2,14],
                    "texture": "#particle"
                },
                "down": {
                    "uv": [0,12,2,14],
                    "texture": "#particle"
                },
                "west": {
                    "uv": [0,0,2,11],
                    "texture": "#particle",
                    "cullface": "west"
                },
                "east": {
                    "uv": [0,0,2,11],
                    "texture": "#particle"
                },
                "north": {
                    "uv": [0,0,2,11],
                    "texture": "#particle"
                },
                "south": {
                    "uv": [0,0,2,11],
                    "texture": "#particle"
                }
            }
        },
        {
            "from": [14,2,7],
            "to": [16,13,9],
            "faces": {
                "up": {
                    "uv": [14,12,16,14],
                    "texture": "#particle"
                },
                "down": {
                    "uv": [14,12,16,14],
                    "texture": "#particle"
                },
                "west": {
                    "uv": [14,0,16,11],
                    "texture": "#particle"
                },
                "east": {
                    "uv": [14,0,16,11],
                    "texture": "#particle",
                    "cullface": "east"
                },
                "north": {
                    "uv": [14,0,16,11],
                    "texture": "#particle"
                },
                "south": {
                    "uv": [14,0,16,11],
                    "texture": "#particle"
                }
            }
        },
        {
            "from": [0,3,13],
            "to": [2,12,15],
            "faces": {
                "up": {
                    "uv": [6,12,8,14],
                    "texture": "#particle",
                    "rotation": 90
                },
                "down": {
                    "uv": [6,12,8,14],
                    "texture": "#particle",
                    "rotation": 270
                },
                "west": {
                    "uv": [6,1,8,10],
                    "texture": "#particle"
                },
                "east": {
                    "uv": [6,1,8,10],
                    "texture": "#particle"
                },
                "north": {
                    "uv": [7,1,9,10],
                    "texture": "#particle"
                },
                "south": {
                    "uv": [6,1,8,10],
                    "texture": "#particle"
                }
            }
        },
        {
            "from": [14,3,13],
            "to": [16,12,15],
            "faces": {
                "up": {
                    "uv": [8,12,10,14],
                    "texture": "#particle",
                    "rotation": 270
                },
                "down": {
                    "uv": [8,12,10,14],
                    "texture": "#particle",
                    "rotation": 90
                },
                "west": {
                    "uv": [8,1,10,10],
                    "texture": "#particle"
                },
                "east": {
                    "uv": [8,1,10,10],
                    "texture": "#particle"
                },
                "north": {
                    "uv": [8,1,10,10],
                    "texture": "#particle"
                },
                "south": {
                    "uv": [8,1,10,10],
                    "texture": "#particle"
                }
            }
        },
        {
            "from": [0,3,9],
            "to": [2,6,13],
            "faces": {
                "up": {
                    "uv": [10,12,14,14],
                    "texture": "#particle",
                    "rotation": 270
                },
                "down": {
                    "uv": [2,12,6,14],
                    "texture": "#particle",
                    "rotation": 270
                },
                "west": {
                    "uv": [2,7,6,10],
                    "texture": "#particle"
                },
                "east": {
                    "uv": [10,7,14,10],
                    "texture": "#particle"
                }
            }
        },
        {
            "from": [0,9,9],
            "to": [2,12,13],
            "faces": {
                "up": {
                    "uv": [2,12,6,14],
                    "texture": "#particle",
                    "rotation": 90
                },
                "down": {
                    "uv": [2,12,6,14],
                    "texture": "#particle",
                    "rotation": 270
                },
                "west": {
                    "uv": [2,1,6,4],
                    "texture": "#particle"
                },
                "east": {
                    "uv": [10,1,14,4],
                    "texture": "#particle"
                }
            }
        },
        {
            "from": [14,3,9],
            "to": [16,6,13],
            "faces": {
                "up": {
                    "uv": [2,12,6,14],
                    "texture": "#particle",
                    "rotation": 90
                },
                "down": {
                    "uv": [10,12,14,14],
                    "texture": "#particle",
                    "rotation": 90
                },
                "west": {
                    "uv": [2,7,6,10],
                    "texture": "#particle"
                },
                "east": {
                    "uv": [10,7,14,10],
                    "texture": "#particle"
                }
            }
        },
        {
            "from": [14,9,9],
            "to": [16,12,13],
            "faces": {
                "up": {
                    "uv": [10,12,14,14],
                    "texture": "#particle",
                    "rotation": 270
                },
                "down": {
                    "uv": [10,12,14,14],
                    "texture": "#particle",
                    "rotation": 90
                },
                "west": {
                    "uv": [2,1,6,4],
                    "texture": "#particle"
                },
                "east": {
                    "uv": [10,1,14,4],
                    "texture": "#particle"
                }
            }
        }
    ]
}