{
    "__createdwith": "opl's Model Creator",
    "textures": {
        "particle": "#wall"
    },
    "elements": [
        {
            "from": [5,0,0],
            "to": [11,14,8],
            "faces": {
                "up": {
                    "texture": "#wall_top"
                },
                "down": {
                    "texture": "#wall_top",
                    "cullface": "down"
                },
                "west": {
                    "uv": [0,0,8,14],
                    "texture": "#particle"
                },
                "east": {
                    "uv": [8,0,16,14],
                    "texture": "#particle"
                },
                "north": {
                    "uv": [5,0,11,14],
                    "texture": "#particle",
                    "cullface": "north"
                }
            }
        }
    ]
}